<?xml version="1.0" encoding="UTF-8"?>
<ivy-module version="2.0" xmlns:m="http://ant.apache.org/ivy/maven">
	<info organisation="com.google.errorprone"
		module="error_prone_annotations"
		revision="2.0.18"
		status="release"
		publication="20170301043423"
	>
		<license name="Apache 2.0" url="http://www.apache.org/licenses/LICENSE-2.0.txt" />
		<description homepage="" />
		<m:properties__project.build.sourceEncoding>UTF-8</m:properties__project.build.sourceEncoding>
		<m:properties__truth.version>0.30</m:properties__truth.version>
		<m:properties__guava.version>21.0</m:properties__guava.version>
		<m:properties__javac.version>9-dev-r3297-4</m:properties__javac.version>
		<m:properties__autovalue.version>1.3</m:properties__autovalue.version>
		<m:properties__sonatypeOssDistMgmtSnapshotsUrl>https://oss.sonatype.org/content/repositories/snapshots/</m:properties__sonatypeOssDistMgmtSnapshotsUrl>
		<m:maven.plugins>org.apache.maven.plugins__maven-enforcer-plugin__1.0|org.apache.maven.plugins__maven-enforcer-plugin__1.0|org.apache.maven.plugins__maven-jar-plugin__2.5|org.apache.maven.plugins__maven-javadoc-plugin__2.9.1|org.apache.maven.plugins__maven-compiler-plugin__3.1|org.apache.maven.plugins__maven-source-plugin__2.1.2|org.apache.maven.plugins__maven-site-plugin__3.3|null__maven-project-info-reports-plugin__2.9|org.apache.maven.plugins__maven-enforcer-plugin__1.0|org.apache.maven.plugins__maven-enforcer-plugin__1.0|org.apache.maven.plugins__maven-jar-plugin__2.5|org.apache.maven.plugins__maven-javadoc-plugin__2.9.1|org.apache.maven.plugins__maven-compiler-plugin__3.1|org.apache.maven.plugins__maven-source-plugin__2.1.2|org.apache.maven.plugins__maven-site-plugin__3.3|null__maven-project-info-reports-plugin__2.9|org.apache.maven.plugins__maven-compiler-plugin__null</m:maven.plugins>
	</info>
	<configurations>
		<conf name="default" visibility="public" description="runtime dependencies and master artifact can be used with this conf" extends="runtime,master"/>
		<conf name="master" visibility="public" description="contains only the artifact published by this module itself, with no transitive dependencies"/>
		<conf name="compile" visibility="public" description="this is the default scope, used if none is specified. Compile dependencies are available in all classpaths."/>
		<conf name="provided" visibility="public" description="this is much like compile, but indicates you expect the JDK or a container to provide it. It is only available on the compilation classpath, and is not transitive."/>
		<conf name="runtime" visibility="public" description="this scope indicates that the dependency is not required for compilation, but is for execution. It is in the runtime and test classpaths, but not the compile classpath." extends="compile"/>
		<conf name="test" visibility="public" description="this scope indicates that the dependency is not required for normal use of the application, and is only available for the test compilation and execution phases." extends="runtime"/>
		<conf name="system" visibility="public" description="this scope is similar to provided except that you have to provide the JAR which contains it explicitly. The artifact is always available and is not looked up in a repository."/>
		<conf name="sources" visibility="public" description="this configuration contains the source artifact of this module, if any."/>
		<conf name="javadoc" visibility="public" description="this configuration contains the javadoc artifact of this module, if any."/>
		<conf name="optional" visibility="public" description="contains all optional dependencies"/>
	</configurations>
	<publications>
		<artifact name="error_prone_annotations" type="jar" ext="jar" conf="master"/>
		<artifact name="error_prone_annotations" type="source" ext="jar" conf="sources" m:classifier="sources"/>
		<artifact name="error_prone_annotations" type="javadoc" ext="jar" conf="javadoc" m:classifier="javadoc"/>
	</publications>
	<dependencies>
		<dependency org="junit" name="junit-dep" rev="4.10" force="true" conf="test->runtime(*),master(*)"/>
	</dependencies>
</ivy-module>
