<?xml version="1.0" encoding="UTF-8"?>
<ivy-module version="2.0" xmlns:m="http://ant.apache.org/ivy/maven">
	<info organisation="net.bytebuddy"
		module="byte-buddy"
		revision="1.7.5"
		status="release"
		publication="20170831211934"
	>
		<license name="The Apache Software License, Version 2.0" url="http://www.apache.org/licenses/LICENSE-2.0.txt" />
		<description homepage="">
		Byte Buddy is a Java library for creating Java classes at run time.
        This artifact is a build of Byte Buddy with all ASM dependencies repackaged into its own name space.
		</description>
		<m:properties__shade.source>org.objectweb.asm</m:properties__shade.source>
		<m:properties__shade.target>net.bytebuddy.jar.asm</m:properties__shade.target>
		<m:properties__version.lombok>1.16.18</m:properties__version.lombok>
		<m:properties__version.plugin.clean>3.0.0</m:properties__version.plugin.clean>
		<m:properties__version.annotations.findbugs>3.0.1u2</m:properties__version.annotations.findbugs>
		<m:properties__version.plugin.javadoc>2.10.4</m:properties__version.plugin.javadoc>
		<m:properties__version.plugin.source>3.0.1</m:properties__version.plugin.source>
		<m:properties__version.plugin.coveralls>4.1.0</m:properties__version.plugin.coveralls>
		<m:properties__version.plugin.surefire>2.20</m:properties__version.plugin.surefire>
		<m:properties__version.android.sdk>4.1.1.4</m:properties__version.android.sdk>
		<m:properties__version.plugin.release>2.5.3</m:properties__version.plugin.release>
		<m:properties__project.build.sourceEncoding>UTF-8</m:properties__project.build.sourceEncoding>
		<m:properties__version.plugin.resources>3.0.2</m:properties__version.plugin.resources>
		<m:properties__version.plugin.animal-sniffer>1.16</m:properties__version.plugin.animal-sniffer>
		<m:properties__version.plugin.clirr>2.8</m:properties__version.plugin.clirr>
		<m:properties__version.plugin.findbugs>3.0.5</m:properties__version.plugin.findbugs>
		<m:properties__version.plugin.gpg>1.6</m:properties__version.plugin.gpg>
		<m:properties__version.asm>6.0_BETA</m:properties__version.asm>
		<m:properties__version.plugin.pitest>1.2.0</m:properties__version.plugin.pitest>
		<m:properties__version.junit>4.12</m:properties__version.junit>
		<m:properties__version.plugin.jxr>2.5</m:properties__version.plugin.jxr>
		<m:properties__asm.javadoc>http://asm.ow2.org/asm50/javadoc/user/</m:properties__asm.javadoc>
		<m:properties__version.mockito>2.7.22</m:properties__version.mockito>
		<m:properties__version.plugin.plugin>3.5</m:properties__version.plugin.plugin>
		<m:properties__version.plugin.install>2.5.2</m:properties__version.plugin.install>
		<m:properties__version.plugin.enforcer>1.4.1</m:properties__version.plugin.enforcer>
		<m:properties__version.plugin.jacoco>0.7.9</m:properties__version.plugin.jacoco>
		<m:properties__version.plugin.deploy>2.8.2</m:properties__version.plugin.deploy>
		<m:properties__version.plugin.jar>3.0.2</m:properties__version.plugin.jar>
		<m:properties__version.plugin.jitwatch>1.0.1</m:properties__version.plugin.jitwatch>
		<m:properties__version.plugin.bundle>3.3.0</m:properties__version.plugin.bundle>
		<m:properties__version.plugin.checkstyle>2.17</m:properties__version.plugin.checkstyle>
		<m:properties__bytebuddy.extras>false</m:properties__bytebuddy.extras>
		<m:properties__version.plugin.shade>3.1.0</m:properties__version.plugin.shade>
		<m:properties__pitest.target>net.bytebuddy</m:properties__pitest.target>
		<m:properties__version.plugin.compiler>3.6.1</m:properties__version.plugin.compiler>
		<m:properties__bytebuddy.integration>false</m:properties__bytebuddy.integration>
		<m:properties__code.level>1.6</m:properties__code.level>
		<m:maven.plugins>org.apache.maven.plugins__maven-release-plugin__2.5.3|org.pitest__pitest-maven__1.2.0|org.jacoco__jacoco-maven-plugin__0.7.9|org.eluder.coveralls__coveralls-maven-plugin__4.1.0|org.codehaus.mojo__findbugs-maven-plugin__3.0.5|com.github.ferstl__jitwatch-jarscan-maven-plugin__1.0.1|org.codehaus.mojo__clirr-maven-plugin__2.8|org.apache.maven.plugins__maven-checkstyle-plugin__2.17|org.codehaus.mojo__animal-sniffer-maven-plugin__1.16|org.apache.maven.plugins__maven-enforcer-plugin__1.4.1|org.apache.maven.plugins__maven-release-plugin__2.5.3|org.pitest__pitest-maven__1.2.0|org.jacoco__jacoco-maven-plugin__0.7.9|org.eluder.coveralls__coveralls-maven-plugin__4.1.0|org.codehaus.mojo__findbugs-maven-plugin__3.0.5|com.github.ferstl__jitwatch-jarscan-maven-plugin__1.0.1|org.codehaus.mojo__clirr-maven-plugin__2.8|org.apache.maven.plugins__maven-checkstyle-plugin__2.17|org.codehaus.mojo__animal-sniffer-maven-plugin__1.16|org.apache.maven.plugins__maven-enforcer-plugin__1.4.1|null__maven-shade-plugin__3.1.0|org.pitest__pitest-maven__1.2.0</m:maven.plugins>
	</info>
	<configurations>
		<conf name="default" visibility="public" description="runtime dependencies and master artifact can be used with this conf" extends="runtime,master"/>
		<conf name="master" visibility="public" description="contains only the artifact published by this module itself, with no transitive dependencies"/>
		<conf name="compile" visibility="public" description="this is the default scope, used if none is specified. Compile dependencies are available in all classpaths."/>
		<conf name="provided" visibility="public" description="this is much like compile, but indicates you expect the JDK or a container to provide it. It is only available on the compilation classpath, and is not transitive."/>
		<conf name="runtime" visibility="public" description="this scope indicates that the dependency is not required for compilation, but is for execution. It is in the runtime and test classpaths, but not the compile classpath." extends="compile"/>
		<conf name="test" visibility="public" description="this scope indicates that the dependency is not required for normal use of the application, and is only available for the test compilation and execution phases." extends="runtime"/>
		<conf name="system" visibility="public" description="this scope is similar to provided except that you have to provide the JAR which contains it explicitly. The artifact is always available and is not looked up in a repository."/>
		<conf name="sources" visibility="public" description="this configuration contains the source artifact of this module, if any."/>
		<conf name="javadoc" visibility="public" description="this configuration contains the javadoc artifact of this module, if any."/>
		<conf name="optional" visibility="public" description="contains all optional dependencies"/>
	</configurations>
	<publications>
		<artifact name="byte-buddy" type="jar" ext="jar" conf="master"/>
		<artifact name="byte-buddy" type="source" ext="jar" conf="sources" m:classifier="sources"/>
		<artifact name="byte-buddy" type="javadoc" ext="jar" conf="javadoc" m:classifier="javadoc"/>
	</publications>
	<dependencies>
		<dependency org="com.google.code.findbugs" name="annotations" rev="3.0.1u2" force="true" conf="provided->compile(*),provided(*),runtime(*),master(*)">
			<exclude org="net.jcip" module="jcip-annotations" name="*" type="*" ext="*" conf="" matcher="exact"/>
			<exclude org="com.google.code.findbugs" module="jsr305" name="*" type="*" ext="*" conf="" matcher="exact"/>
		</dependency>
		<dependency org="org.projectlombok" name="lombok" rev="1.16.18" force="true" conf="provided->compile(*),provided(*),runtime(*),master(*)"/>
	</dependencies>
</ivy-module>
