<?xml version="1.0" encoding="UTF-8"?>
<ivy-module version="2.0" xmlns:m="http://ant.apache.org/ivy/maven">
	<info organisation="org.codehaus.mojo"
		module="mojo-parent"
		revision="34"
		status="release"
		publication="20140927230000"
	>
		<description homepage="http://mojo.codehaus.org" />
		<m:properties__mojo.javadoc.mavenVersion>${project.prerequisites.maven}</m:properties__mojo.javadoc.mavenVersion>
		<m:properties__surefire.redirectTestOutputToFile>true</m:properties__surefire.redirectTestOutputToFile>
		<m:properties__project.build.sourceEncoding>UTF-8</m:properties__project.build.sourceEncoding>
		<m:properties__mojo.java.target>1.5</m:properties__mojo.java.target>
		<m:properties__project.reporting.outputEncoding>UTF-8</m:properties__project.reporting.outputEncoding>
		<m:properties__netbeans.checkstyle.format>true</m:properties__netbeans.checkstyle.format>
		<m:properties__codehausDistMgmtSnapshotsUrl>https://nexus.codehaus.org/content/repositories/snapshots/</m:properties__codehausDistMgmtSnapshotsUrl>
		<m:maven.plugins>org.apache.maven.plugins__maven-enforcer-plugin__1.0|org.apache.maven.plugins__maven-enforcer-plugin__1.0|org.apache.maven.plugins__maven-enforcer-plugin__null|org.codehaus.mojo__cobertura-maven-plugin__null</m:maven.plugins>
		<m:dependency.management__org.apache.maven__maven-plugin-api__version>2.2.1</m:dependency.management__org.apache.maven__maven-plugin-api__version>
		<m:dependency.management__junit__junit__version>4.11</m:dependency.management__junit__junit__version>
		<m:dependency.management__junit__junit__scope>test</m:dependency.management__junit__junit__scope>
	</info>
	<configurations>
		<conf name="default" visibility="public" description="runtime dependencies and master artifact can be used with this conf" extends="runtime,master"/>
		<conf name="master" visibility="public" description="contains only the artifact published by this module itself, with no transitive dependencies"/>
		<conf name="compile" visibility="public" description="this is the default scope, used if none is specified. Compile dependencies are available in all classpaths."/>
		<conf name="provided" visibility="public" description="this is much like compile, but indicates you expect the JDK or a container to provide it. It is only available on the compilation classpath, and is not transitive."/>
		<conf name="runtime" visibility="public" description="this scope indicates that the dependency is not required for compilation, but is for execution. It is in the runtime and test classpaths, but not the compile classpath." extends="compile"/>
		<conf name="test" visibility="public" description="this scope indicates that the dependency is not required for normal use of the application, and is only available for the test compilation and execution phases." extends="runtime"/>
		<conf name="system" visibility="public" description="this scope is similar to provided except that you have to provide the JAR which contains it explicitly. The artifact is always available and is not looked up in a repository."/>
		<conf name="sources" visibility="public" description="this configuration contains the source artifact of this module, if any."/>
		<conf name="javadoc" visibility="public" description="this configuration contains the javadoc artifact of this module, if any."/>
		<conf name="optional" visibility="public" description="contains all optional dependencies"/>
	</configurations>
	<publications>
	</publications>
</ivy-module>
