<?xml version="1.0" encoding="UTF-8"?>
<ivy-module version="2.0" xmlns:m="http://ant.apache.org/ivy/maven">
	<info organisation="org.apache.httpcomponents"
		module="httpclient"
		revision="4.5.3"
		status="release"
		publication="20170121170023"
	>
		<license name="Apache License, Version 2.0" url="http://www.apache.org/licenses/LICENSE-2.0.txt" />
		<description homepage="http://hc.apache.org/httpcomponents-client">
		Apache HttpComponents Client
		</description>
		<m:properties__api.comparison.version>4.4</m:properties__api.comparison.version>
		<m:properties__maven.compiler.source>1.6</m:properties__maven.compiler.source>
		<m:properties__mockito.version>1.8.5</m:properties__mockito.version>
		<m:properties__httpcore.version>4.4.6</m:properties__httpcore.version>
		<m:properties__hc.stylecheck.version>1</m:properties__hc.stylecheck.version>
		<m:properties__easymock.version>2.5.2</m:properties__easymock.version>
		<m:properties__ehcache.version>2.6.9</m:properties__ehcache.version>
		<m:properties__maven.compiler.target>1.6</m:properties__maven.compiler.target>
		<m:properties__memcached.version>2.11.4</m:properties__memcached.version>
		<m:properties__slf4j.version>1.7.7</m:properties__slf4j.version>
		<m:properties__commons-logging.version>1.2</m:properties__commons-logging.version>
		<m:properties__commons-codec.version>1.9</m:properties__commons-codec.version>
		<m:properties__junit.version>4.11</m:properties__junit.version>
		<m:properties__jna.version>4.1.0</m:properties__jna.version>
		<m:properties__maven.compiler.optimize>true</m:properties__maven.compiler.optimize>
		<m:properties__hc.surefire.version>2.15</m:properties__hc.surefire.version>
		<m:properties__maven.compiler.showDeprecation>true</m:properties__maven.compiler.showDeprecation>
		<m:properties__implementation.build>${scmBranch}@r${buildNumber}; ${maven.build.timestamp}</m:properties__implementation.build>
		<m:properties__project.reporting.outputEncoding>UTF-8</m:properties__project.reporting.outputEncoding>
		<m:properties__hc.clirr.version>2.5</m:properties__hc.clirr.version>
		<m:properties__hc.jxr.version>2.3</m:properties__hc.jxr.version>
		<m:properties__minSeverity>info</m:properties__minSeverity>
		<m:properties__hc.site.url>scp://people.apache.org/www/hc.apache.org/</m:properties__hc.site.url>
		<m:properties__hc.clover2.version>3.1.11</m:properties__hc.clover2.version>
		<m:properties__maven.build.timestamp.format>yyyy-MM-dd HH:mm:ssZ</m:properties__maven.build.timestamp.format>
		<m:properties__project.build.sourceEncoding>UTF-8</m:properties__project.build.sourceEncoding>
		<m:properties__hc.project-info.version>2.7</m:properties__hc.project-info.version>
		<m:properties__hc.surefire-report.version>2.15</m:properties__hc.surefire-report.version>
		<m:properties__hc.javadoc.version>2.9.1</m:properties__hc.javadoc.version>
		<m:properties__distMgmtSnapshotsUrl>https://repository.apache.org/content/repositories/snapshots</m:properties__distMgmtSnapshotsUrl>
		<m:properties__gpg.useagent>true</m:properties__gpg.useagent>
		<m:properties__distMgmtSnapshotsName>Apache Development Snapshot Repository</m:properties__distMgmtSnapshotsName>
		<m:properties__arguments/>
		<m:properties__sourceReleaseAssemblyDescriptor>source-release</m:properties__sourceReleaseAssemblyDescriptor>
		<m:properties__organization.logo>http://www.apache.org/images/asf_logo_wide.gif</m:properties__organization.logo>
		<m:maven.plugins>org.apache.maven.plugins__maven-remote-resources-plugin__null|org.apache.maven.plugins__maven-remote-resources-plugin__null|null__maven-compiler-plugin__null|null__maven-jar-plugin__null|org.codehaus.mojo__buildnumber-maven-plugin__null|org.apache.maven.plugins__maven-remote-resources-plugin__null|org.apache.maven.plugins__maven-remote-resources-plugin__null|null__maven-compiler-plugin__null|null__maven-jar-plugin__null|org.codehaus.mojo__buildnumber-maven-plugin__null|null__maven-jar-plugin__null|null__maven-source-plugin__null|null__maven-javadoc-plugin__null|com.agilejava.docbkx__docbkx-maven-plugin__null|null__maven-resources-plugin__null|org.apache.maven.plugins__maven-checkstyle-plugin__2.9.1|org.codehaus.mojo__clirr-maven-plugin__2.5|org.apache.rat__apache-rat-plugin__0.11|org.apache.maven.plugins__maven-remote-resources-plugin__null|org.apache.maven.plugins__maven-remote-resources-plugin__null|null__maven-compiler-plugin__null|null__maven-jar-plugin__null|org.codehaus.mojo__buildnumber-maven-plugin__null|org.apache.maven.plugins__maven-remote-resources-plugin__null|org.apache.maven.plugins__maven-remote-resources-plugin__null|null__maven-compiler-plugin__null|null__maven-jar-plugin__null|org.codehaus.mojo__buildnumber-maven-plugin__null|null__maven-jar-plugin__null|null__maven-source-plugin__null|null__maven-javadoc-plugin__null|com.agilejava.docbkx__docbkx-maven-plugin__null|null__maven-resources-plugin__null|org.apache.maven.plugins__maven-checkstyle-plugin__2.9.1|org.codehaus.mojo__clirr-maven-plugin__2.5|org.apache.rat__apache-rat-plugin__0.11|org.codehaus.mojo__build-helper-maven-plugin__1.8|com.googlecode.maven-download-plugin__download-maven-plugin__1.2.0|null__maven-jar-plugin__null</m:maven.plugins>
		<m:dependency.management__org.apache.httpcomponents__httpcore__version>4.4.6</m:dependency.management__org.apache.httpcomponents__httpcore__version>
		<m:dependency.management__commons-logging__commons-logging__version>1.2</m:dependency.management__commons-logging__commons-logging__version>
		<m:dependency.management__commons-codec__commons-codec__version>1.9</m:dependency.management__commons-codec__commons-codec__version>
		<m:dependency.management__net.sf.ehcache__ehcache-core__version>2.6.9</m:dependency.management__net.sf.ehcache__ehcache-core__version>
		<m:dependency.management__org.slf4j__slf4j-jcl__version>1.7.7</m:dependency.management__org.slf4j__slf4j-jcl__version>
		<m:dependency.management__net.spy__spymemcached__version>2.11.4</m:dependency.management__net.spy__spymemcached__version>
		<m:dependency.management__net.java.dev.jna__jna__version>4.1.0</m:dependency.management__net.java.dev.jna__jna__version>
		<m:dependency.management__net.java.dev.jna__jna-platform__version>4.1.0</m:dependency.management__net.java.dev.jna__jna-platform__version>
		<m:dependency.management__junit__junit__version>4.11</m:dependency.management__junit__junit__version>
		<m:dependency.management__junit__junit__scope>test</m:dependency.management__junit__junit__scope>
		<m:dependency.management__org.mockito__mockito-core__version>1.8.5</m:dependency.management__org.mockito__mockito-core__version>
		<m:dependency.management__org.mockito__mockito-core__scope>test</m:dependency.management__org.mockito__mockito-core__scope>
		<m:dependency.management__org.easymock__easymock__version>2.5.2</m:dependency.management__org.easymock__easymock__version>
		<m:dependency.management__org.easymock__easymock__scope>test</m:dependency.management__org.easymock__easymock__scope>
		<m:dependency.management__org.easymock__easymockclassextension__version>2.5.2</m:dependency.management__org.easymock__easymockclassextension__version>
		<m:dependency.management__org.easymock__easymockclassextension__scope>test</m:dependency.management__org.easymock__easymockclassextension__scope>
	</info>
	<configurations>
		<conf name="default" visibility="public" description="runtime dependencies and master artifact can be used with this conf" extends="runtime,master"/>
		<conf name="master" visibility="public" description="contains only the artifact published by this module itself, with no transitive dependencies"/>
		<conf name="compile" visibility="public" description="this is the default scope, used if none is specified. Compile dependencies are available in all classpaths."/>
		<conf name="provided" visibility="public" description="this is much like compile, but indicates you expect the JDK or a container to provide it. It is only available on the compilation classpath, and is not transitive."/>
		<conf name="runtime" visibility="public" description="this scope indicates that the dependency is not required for compilation, but is for execution. It is in the runtime and test classpaths, but not the compile classpath." extends="compile"/>
		<conf name="test" visibility="public" description="this scope indicates that the dependency is not required for normal use of the application, and is only available for the test compilation and execution phases." extends="runtime"/>
		<conf name="system" visibility="public" description="this scope is similar to provided except that you have to provide the JAR which contains it explicitly. The artifact is always available and is not looked up in a repository."/>
		<conf name="sources" visibility="public" description="this configuration contains the source artifact of this module, if any."/>
		<conf name="javadoc" visibility="public" description="this configuration contains the javadoc artifact of this module, if any."/>
		<conf name="optional" visibility="public" description="contains all optional dependencies"/>
	</configurations>
	<publications>
		<artifact name="httpclient" type="jar" ext="jar" conf="master"/>
		<artifact name="httpclient" type="source" ext="jar" conf="sources" m:classifier="sources"/>
		<artifact name="httpclient" type="javadoc" ext="jar" conf="javadoc" m:classifier="javadoc"/>
	</publications>
	<dependencies>
		<dependency org="org.apache.httpcomponents" name="httpcore" rev="4.4.6" force="true" conf="compile->compile(*),master(*);runtime->runtime(*)"/>
		<dependency org="commons-logging" name="commons-logging" rev="1.2" force="true" conf="compile->compile(*),master(*);runtime->runtime(*)"/>
		<dependency org="commons-codec" name="commons-codec" rev="1.9" force="true" conf="compile->compile(*),master(*);runtime->runtime(*)"/>
		<dependency org="junit" name="junit" rev="4.11" force="true" conf="test->runtime(*),master(*)"/>
		<dependency org="org.mockito" name="mockito-core" rev="1.8.5" force="true" conf="test->runtime(*),master(*)"/>
		<override org="org.apache.httpcomponents" module="httpcore" matcher="exact" rev="4.4.6"/>
		<override org="commons-logging" module="commons-logging" matcher="exact" rev="1.2"/>
		<override org="commons-codec" module="commons-codec" matcher="exact" rev="1.9"/>
		<override org="net.sf.ehcache" module="ehcache-core" matcher="exact" rev="2.6.9"/>
		<override org="org.slf4j" module="slf4j-jcl" matcher="exact" rev="1.7.7"/>
		<override org="net.spy" module="spymemcached" matcher="exact" rev="2.11.4"/>
		<override org="net.java.dev.jna" module="jna" matcher="exact" rev="4.1.0"/>
		<override org="net.java.dev.jna" module="jna-platform" matcher="exact" rev="4.1.0"/>
		<override org="junit" module="junit" matcher="exact" rev="4.11"/>
		<override org="org.mockito" module="mockito-core" matcher="exact" rev="1.8.5"/>
		<override org="org.easymock" module="easymock" matcher="exact" rev="2.5.2"/>
		<override org="org.easymock" module="easymockclassextension" matcher="exact" rev="2.5.2"/>
	</dependencies>
</ivy-module>
